Iteration,Accuracy
0,0.10807339
1,0.8247706
2,0.86587155
3,0.8730275
4,0.87798166
5,0.89100915
6,0.893211
7,0.8866055
