Start,End
1579877018.6867096,1579877037.062871
1579877187.355485,1579877202.8536246
1579877240.8716729,1579877260.5892293
1579877289.5240507,1579877304.8839872
1579877347.0765169,1579877365.0866067
1579877407.7584934,1579877423.548681
1579877463.110531,1579877477.7533653
1579877607.0368829,1579877621.1112044
1579877651.3666964,1579877667.8881454
1579877697.360734,1579877712.7319787
