Start,Round1,Round2,Round4,End
1579879508.1700535,1579879518.7667627,1579879522.5266588,1579879526.194406,1579879528.9839907
1579879647.9439178,1579879657.7573195,1579879661.539854,1579879665.0282817,1579879667.9200616
1579879868.5468874,1579879878.8367975,1579879882.8365736,1579879886.1127386,1579879889.3260293
1579879959.2969828,1579879974.4503796,1579879977.942357,1579879981.7727754,1579879984.4853022
1579880135.2424126,1579880145.0325775,1579880148.5449822,1579880152.4354641,1579880155.1167972
1579880187.84535,1579880198.2060468,1579880201.6253204,1579880205.5178268,1579880208.5831213
1579880341.7762897,1579880351.9576979,1579880355.3845098,1579880359.2224267,1579880361.9615974
1579880400.4562972,1579880410.2921543,1579880414.0693371,1579880417.8340623,1579880420.6368828
1579880459.1241066,1579880470.498276,1579880474.0764356,1579880477.8097928,1579880480.8296642
1579880513.8678312,1579880524.1104307,1579880527.8969908,1579880531.4639313,1579880534.4096434
