nbClient,Start,Round1,Round2,Round4,End
5,1579881750.1967666,1579881759.6954527,1579881763.4922154,1579881767.2058158,1579881770.3136559
10,1579881980.7504416,1579881999.7164667,1579882003.516699,1579882007.357599,1579882010.9363368
25,1580040187.426881,1580040205.1733902,1580040209.918751,1580040214.0502026,1580040218.3068402
