Start,End
1579877891.143892,1579877892.1248918
1579878065.430607,1579878066.4802654
1579878117.9392643,1579878118.9279613
1579878215.9415486,1579878217.220867
1579878264.8661768,1579878265.844133
1579878322.327874,1579878323.3393464
1579878368.402294,1579878369.4307368
1579878411.191146,1579878412.1656706
1579878491.3173487,1579878492.3088543
1579878535.3326159,1579878536.3006306
