Start,Round1,Round2,Round4,End
1579881750.1967666,1579881759.6954527,1579881763.4922154,1579881767.2058158,1579881770.3136559
1579881980.7504416,1579881999.7164667,1579882003.516699,1579882007.357599,1579882010.9363368
1579882670.5684996,1579882690.6963553,1579882695.257859,1579882699.442751,1579882703.5853508
1579882670.5684996,1579882690.6963553,1579882695.257859,1579882699.442751,1579882704.9981155
